"FID","ano","geoparent","granularity","geocode","isla","gcomarca","comarca","municipio","poblacion","poblacion_edad_media","poblacion_edad_media_d","poblacion_hombres","poblacion_mujeres","poblacion_indice_feminidad","poblacion_nacional","poblacion_extranjera","poblacion_extranjera_pc","poblacion_00a14","poblacion_15a64","poblacion_65mas","poblacion_65a74","poblacion_75a84","poblacion_85mas","poblacion_00a14_pc","poblacion_15a64_pc","poblacion_65mas_pc","poblacion_indice_dependencia","poblacion_indice_dependencia_may","poblacion_indice_dependencia_men","poblacion_indice_vejez","poblacion_indice_juventud","poblacion_indice_sobreenvejecimi","poblacion_indice_ancianidad","superficie","poblacion_ds","poblacion_extranjera_ds","poblacion_00a02","poblacion_03a05","poblacion_06a11","poblacion_12a15","poblacion_16a17","poblacion_00a17","poblacion_nacida_canarias","poblacion_nacida_es_xcanarias","poblacion_nacida_extranjero","poblacion_nacida_canarias_pc","poblacion_nacida_es_xcanarias_pc","poblacion_nacida_extranjero_pc","geom"
"Malla de 250m-20160101.fid-784d4b83_19a7406b760_300b","2016","35015","GRID_250","250mN095000E193150","ES704","ES704A0","ES704A03","35015","14","53.4286","53.4053","7","7","100","","","","","9","","","","","","64.2857","","","","","","","","","4.4231","316.5201","","","","","","","","","","13","","","92.8571","MULTIPOLYGON (((28.155132799339576 -14.227225105181088, 28.154456633266946 -14.227567727290536, 28.153640346757225 -14.227940267645145, 28.153083659127272 -14.22820260597425, 28.152783833882445 -14.228382391928518, 28.152569894202212 -14.229126305969055, 28.154755612160383 -14.229745266523741, 28.155454191805994 -14.227316111686026, 28.155132799339576 -14.227225105181088)))"
"Malla de 250m-20160101.fid-784d4b83_19a7406b760_3016","2016","35015","GRID_250","250mN094200E191875","ES704","ES704A0","ES704A03","35015","15","50.3667","50.375","9","6","66.6667","15","0","0","","14","","","","","","93.3333","","","","","","","","","6.25","240","0","","","","","","","","14","","","93.3333","","MULTIPOLYGON (((28.046933147848193 -14.333108208075762, 28.04911841271941 -14.333728135965359, 28.04981983292604 -14.331302124240937, 28.047634547864508 -14.33068224673351, 28.046933147848193 -14.333108208075762)))"
"Malla de 250m-20160101.fid-784d4b83_19a7406b760_3017","2016","35015","GRID_250","250mN094225E191800","ES704","ES704A0","ES704A03","35015","191","39.0026","38.9748","104","87","83.6538","92","99","51.8325","21","152","18","","","","10.9948","79.5812","9.4241","25.6579","11.8421","13.8158","85.7143","116.6667","","","6.25","3056","1584","","","","","","","53","29","109","27.7487","15.1832","57.0681","MULTIPOLYGON (((28.047013742286794 -14.341005991740543, 28.049198928527414 -14.341626121085142, 28.04990057383544 -14.339200148687343, 28.0477153673985 -14.33858006971668, 28.047013742286794 -14.341005991740543)))"
"Malla de 250m-20160101.fid-784d4b83_19a7406b760_3018","2016","35015","GRID_250","250mN094225E191825","ES704","ES704A0","ES704A03","35015","73","35.5548","35.5773","39","34","87.1795","43","30","41.0959","17","49","7","","","","23.2877","67.1233","9.589","48.9796","14.2857","34.6939","41.1765","242.8571","","","6.25","1168","480","","","","","","","21","15","37","28.7671","20.5479","50.6849","MULTIPOLYGON (((28.0477153673985 -14.33858006971668, 28.04990057383544 -14.339200148687343, 28.050602150841595 -14.33677414638398, 28.048416924209796 -14.336154117791116, 28.0477153673985 -14.33858006971668)))"
"Malla de 250m-20160101.fid-784d4b83_19a7406b760_3019","2016","35015","GRID_250","250mN094225E191850","ES704","ES704A0","ES704A03","35015","684","37.693","37.6967","352","332","94.3182","387","297","43.4211","74","579","31","","","","10.8187","84.6491","4.5322","18.1347","5.3541","12.7807","41.8919","238.7097","","","6.25","10944","4752","","","","","","","163","173","348","23.8304","25.2924","50.8772","MULTIPOLYGON (((28.048416924209796 -14.336154117791116, 28.050602150841595 -14.33677414638398, 28.0513036595446 -14.33434811417657, 28.04911841271941 -14.333728135965359, 28.048416924209796 -14.336154117791116)))"
"Malla de 250m-20160101.fid-784d4b83_19a7406b760_301a","2016","35015","GRID_250","250mN094225E191875","ES704","ES704A0","ES704A03","35015","125","41.26","41.2993","73","52","71.2329","69","56","44.8","13","96","16","","","","10.4","76.8","12.8","30.2083","16.6667","13.5417","123.0769","81.25","","","6.25","2000","896","","","","","","","31","30","64","24.8","24","51.2","MULTIPOLYGON (((28.04911841271941 -14.333728135965359, 28.0513036595446 -14.33434811417657, 28.052005099943198 -14.331922052066641, 28.04981983292604 -14.331302124240937, 28.04911841271941 -14.333728135965359)))"
"Malla de 250m-20160101.fid-784d4b83_19a7406b760_301c","2016","35015","GRID_250","250mN094225E191900","ES704","ES704A0","ES704A03","35015","28","41.6071","41.632","14","14","100","11","17","60.7143","3","21","4","","","","10.7143","75","14.2857","33.3333","19.0476","14.2857","133.3333","75","","","6.25","448","272","","","","","","","6","4","18","21.4286","14.2857","64.2857","MULTIPOLYGON (((28.04981983292604 -14.331302124240937, 28.052005099943198 -14.331922052066641, 28.052706472036096 -14.32949596005568, 28.050521184828426 -14.32887608261936, 28.04981983292604 -14.331302124240937)))"
"Malla de 250m-20160101.fid-784d4b83_19a7406b760_301d","2016","35015","GRID_250","250mN094225E191925","ES704","ES704A0","ES704A03","35015","74","43.1351","43.1594","34","40","117.6471","49","25","33.7838","9","55","10","","","","12.1622","74.3243","13.5135","34.5455","18.1818","16.3636","111.1111","90","","","6.25","1184","400","","","","","","","18","28","28","24.3243","37.8378","37.8378","MULTIPOLYGON (((28.050521184828426 -14.32887608261936, 28.052706472036096 -14.32949596005568, 28.053407775822034 -14.327069838145231, 28.051222468425312 -14.326450011102144, 28.050521184828426 -14.32887608261936)))"
"Malla de 250m-20160101.fid-784d4b83_19a7406b760_301e","2016","35015","GRID_250","250mN094300E192000","ES704","ES704A0","ES704A03","35015","15","39.4333","39.4309","11","4","36.3636","12","3","20","","11","","","","","","73.3333","","","","","","","","","6.25","240","48","","","","","","","6","5","4","40","33.3333","26.6667","MULTIPOLYGON (((28.059180819895623 -14.323457108054914, 28.06136611355305 -14.324076985241964, 28.062067272974357 -14.321650622407608, 28.059881959127328 -14.321030795635409, 28.059180819895623 -14.323457108054914)))"
"Malla de 250m-20160101.fid-784d4b83_19a7406b760_301f","2016","35015","GRID_250","250mN094250E191750","ES704","ES704A0","ES704A03","35015","138","36.2174","36.2368","72","66","91.6667","99","39","28.2609","27","104","7","","","","19.5652","75.3623","5.0725","32.6923","6.7308","25.9615","25.9259","385.7143","","","6.24","2211.5385","625","","","","","","","23","54","61","16.6667","39.1304","44.2029","MULTIPOLYGON (((28.047907661016787 -14.346509833105255, 28.049980560800456 -14.347098256581722, 28.050682362909217 -14.34467229363007, 28.048497214918804 -14.344052063575853, 28.047839027522237 -14.34632728436266, 28.047907661016787 -14.346509833105255)))"
"Malla de 250m-20160101.fid-784d4b83_19a7406b760_3020","2016","35015","GRID_250","250mN094250E191775","ES704","ES704A0","ES704A03","35015","49","47.2347","47.2653","29","20","68.9655","18","31","63.2653","4","34","11","","","","8.1633","69.3878","22.449","44.1176","32.3529","11.7647","275","36.3636","","","6.25","784","496","","","","","","","4","10","35","8.1633","20.4082","71.4286","MULTIPOLYGON (((28.048497214918804 -14.344052063575853, 28.050682362909217 -14.34467229363007, 28.051384096717225 -14.342246300765943, 28.049198928527414 -14.341626121085142, 28.048497214918804 -14.344052063575853)))"
"Malla de 250m-20160101.fid-784d4b83_19a7406b760_3021","2016","35015","GRID_250","250mN094250E191825","ES704","ES704A0","ES704A03","35015","31","32.9194","32.9333","12","19","158.3333","18","13","41.9355","","22","","","","","","70.9677","","","","","","","","","6.25","496","208","","","","","","","11","5","15","35.4839","16.129","48.3871","MULTIPOLYGON (((28.04990057383544 -14.339200148687343, 28.05208576222319 -14.339820277990869, 28.05278735942582 -14.337394225306374, 28.050602150841595 -14.33677414638398, 28.04990057383544 -14.339200148687343)))"
"Malla de 250m-20160101.fid-784d4b83_19a7406b760_3023","2016","35015","GRID_250","250mN094250E191850","ES704","ES704A0","ES704A03","35015","20","38.75","38.7228","9","11","122.2222","16","4","20","3","17","0","","","","15","85","0","17.6471","0","17.6471","0","","","","6.25","320","64","","","","","","","15","0","5","75","0","25","MULTIPOLYGON (((28.050602150841595 -14.33677414638398, 28.05278735942582 -14.337394225306374, 28.05348888832387 -14.334968142713965, 28.0513036595446 -14.33434811417657, 28.050602150841595 -14.33677414638398)))"
"Malla de 250m-20160101.fid-784d4b83_19a7406b760_3026","2016","35015","GRID_250","250mN094250E191875","ES704","ES704A0","ES704A03","35015","20","46.95","46.8946","13","7","53.8462","","","","","18","","","","","","90","","","","","","","","","6.25","320","","","","","","","","12","","","60","","","MULTIPOLYGON (((28.0513036595446 -14.33434811417657, 28.05348888832387 -14.334968142713965, 28.05419034891605 -14.332542030215171, 28.052005099943198 -14.331922052066641, 28.0513036595446 -14.33434811417657)))"
"Malla de 250m-20160101.fid-784d4b83_19a7406b760_3027","2016","35015","GRID_250","250mN094250E192050","ES704","ES704A0","ES704A03","35015","107","40.0607","40.0581","67","40","59.7015","50","57","53.271","5","99","3","","","","4.6729","92.5234","2.8037","8.0808","3.0303","5.0505","60","166.6667","","","6.2112","1722.6945","917.6971","","","","","","","17","27","63","15.8879","25.2336","58.8785","MULTIPOLYGON (((28.05676612067719 -14.31544812995423, 28.056212307870624 -14.317365051538884, 28.058397677974547 -14.31798472727318, 28.059098660389974 -14.315558405472165, 28.05704281618152 -14.314975509751918, 28.057041569658903 -14.31497727306327, 28.05676612067719 -14.31544812995423)))"
"Malla de 250m-20160101.fid-784d4b83_19a7406b760_3028","2016","35015","GRID_250","250mN094275E191650","ES704","ES704A0","ES704A03","35015","43","44.1744","44.1217","20","23","115","35","8","18.6047","5","32","6","","","","11.6279","74.4186","13.9535","34.375","18.75","15.625","120","83.3333","","","1.9347","2222.5668","413.5008","","","","","","","32","4","7","74.4186","9.3023","16.2791","MULTIPOLYGON (((28.048990155385066 -14.35469270265543, 28.048976264415057 -14.35505072374235, 28.04910411537559 -14.356334570419804, 28.049110184864887 -14.35640425245826, 28.049099409281357 -14.356537143371206, 28.0490731883869 -14.356808382216299, 28.04903315018154 -14.356955799788668, 28.048988478829195 -14.35707614103049, 28.048890851401417 -14.357289758247907, 28.049357698294337 -14.3574223414576, 28.050059793801694 -14.354996447813503, 28.048990155385066 -14.35469270265543)))"
"Malla de 250m-20160101.fid-784d4b83_19a7406b760_3029","2016","35015","GRID_250","250mN094275E191725","ES704","ES704A0","ES704A03","35015","379","33.4894","33.48","173","206","119.0751","154","225","59.3668","47","320","12","","","","12.4011","84.4327","3.1662","18.4375","3.75","14.6875","25.5319","391.6667","","","6.25","6064","3600","","","","","","","86","46","247","22.6913","12.1372","65.1715","MULTIPOLYGON (((28.049278690392192 -14.349524189619405, 28.0514637799238 -14.350144570759664, 28.052165670535988 -14.347718587352949, 28.049980560800456 -14.347098256581722, 28.049278690392192 -14.349524189619405)))"
"Malla de 250m-20160101.fid-784d4b83_19a7406b760_302a","2016","35015","GRID_250","250mN094275E191750","ES704","ES704A0","ES704A03","35015","30","52.9333","52.9039","14","16","114.2857","6","24","80","","23","","","","","","76.6667","","","","","","","","","6.25","480","384","","","","","","","","","26","","","86.6667","MULTIPOLYGON (((28.049980560800456 -14.347098256581722, 28.052165670535988 -14.347718587352949, 28.05286749284723 -14.345292574028397, 28.050682362909217 -14.34467229363007, 28.049980560800456 -14.347098256581722)))"
"Malla de 250m-20160101.fid-784d4b83_19a7406b760_302b","2016","35015","GRID_250","250mN094275E191675","ES704","ES704A0","ES704A03","35015","400","42.0875","42.07","205","195","95.122","309","91","22.75","51","287","62","","","","12.75","71.75","15.5","39.3728","21.6028","17.77","121.5686","82.2581","","","3.6734","10889.0946","2477.269","","","","","","","227","66","107","56.75","16.5","26.75","MULTIPOLYGON (((28.04936186492752 -14.352173015958144, 28.049366422583915 -14.352370030168963, 28.049036839819212 -14.353489296942339, 28.048990155385066 -14.35469270265543, 28.050059793801694 -14.354996447813503, 28.050761821011942 -14.352570524247016, 28.04936186492752 -14.352173015958144)))"
"Malla de 250m-20160101.fid-784d4b83_19a7406b760_302c","2016","35015","GRID_250","250mN094275E191700","ES704","ES704A0","ES704A03","35015","378","36.9788","36.9854","195","183","93.8462","183","195","51.5873","31","316","31","","","","8.2011","83.5979","8.2011","19.6203","9.8101","9.8101","100","100","","","5.4308","6960.3005","3590.6312","","","","","","","86","64","228","22.7513","16.9312","60.3175","MULTIPOLYGON (((28.04936186492752 -14.352173015958144, 28.050761821011942 -14.352570524247016, 28.0514637799238 -14.350144570759664, 28.049278690392192 -14.349524189619405, 28.049060571656643 -14.350278028255978, 28.04908916031902 -14.350414742554184, 28.049354879365225 -14.351871074178462, 28.04936186492752 -14.352173015958144)))"
"Malla de 250m-20160101.fid-784d4b83_19a7406b760_302d","2016","35015","GRID_250","250mN094300E191625","ES704","ES704A0","ES704A03","35015","13","48.6538","48.7323","9","4","44.4444","8","5","38.4615","","8","","","","","","61.5385","","","","","","","","","4.2487","305.9759","117.6831","","","","","","","5","3","5","38.4615","23.0769","38.4615","MULTIPOLYGON (((28.04894948978357 -14.35883265862471, 28.04951750246932 -14.3584796019447, 28.049731766941026 -14.358864816759686, 28.05006999994789 -14.359507852099085, 28.050744853693686 -14.3604416627246, 28.050840525130422 -14.360468838124255, 28.051542709144993 -14.35804292404715, 28.049357698294337 -14.3574223414576, 28.04894948978357 -14.35883265862471)))"
"Malla de 250m-20160101.fid-784d4b83_19a7406b760_302e","2016","35015","GRID_250","250mN094300E191650","ES704","ES704A0","ES704A03","35015","582","36.2337","36.2162","292","290","99.3151","403","179","30.756","89","463","30","","","","15.2921","79.5533","5.1546","25.7019","6.4795","19.2225","33.7079","296.6667","","","6.25","9312","2864","","","","","","","257","123","202","44.1581","21.134","34.7079","MULTIPOLYGON (((28.049357698294337 -14.3574223414576, 28.051542709144993 -14.35804292404715, 28.052244824862257 -14.35561698004227, 28.050059793801694 -14.354996447813503, 28.049357698294337 -14.3574223414576)))"
"Malla de 250m-20160101.fid-784d4b83_19a7406b760_302f","2016","35015","GRID_250","250mN094300E191675","ES704","ES704A0","ES704A03","35015","1031","36.9248","36.9344","522","509","97.5096","681","350","33.9476","160","794","77","","","","15.5189","77.0126","7.4685","29.8489","9.6977","20.1511","48.125","207.7922","","","6.25","16496","5600","","","","","","","409","216","406","39.6702","20.9505","39.3792","MULTIPOLYGON (((28.050059793801694 -14.354996447813503, 28.052244824862257 -14.35561698004227, 28.052946872280966 -14.353191006111148, 28.050761821011942 -14.352570524247016, 28.050059793801694 -14.354996447813503)))"
"Malla de 250m-20160101.fid-784d4b83_19a7406b760_3030","2016","35015","GRID_250","250mN094300E191700","ES704","ES704A0","ES704A03","35015","821","35.74","35.7102","425","396","93.1765","568","253","30.8161","154","610","57","","","","18.7576","74.2996","6.9428","34.5902","9.3443","25.2459","37.013","270.1754","","","6.25","13136","4048","","","","","","","349","172","300","42.5091","20.9501","36.5408","MULTIPOLYGON (((28.050761821011942 -14.352570524247016, 28.052946872280966 -14.353191006111148, 28.05364885139982 -14.350765002255278, 28.0514637799238 -14.350144570759664, 28.050761821011942 -14.352570524247016)))"
"Malla de 250m-20160101.fid-784d4b83_19a7406b760_3031","2016","35015","GRID_250","250mN094300E191725","ES704","ES704A0","ES704A03","35015","10","39.3","39.2427","4","6","150","","","","","7","","","","","","70","","","","","","","","","6.25","160","","","","","","","","4","3","3","40","30","30","MULTIPOLYGON (((28.0514637799238 -14.350144570759664, 28.05364885139982 -14.350765002255278, 28.054350762217574 -14.348338968476192, 28.052165670535988 -14.347718587352949, 28.0514637799238 -14.350144570759664)))"
"Malla de 250m-20160101.fid-784d4b83_19a7406b760_3032","2016","35015","GRID_250","250mN094300E191925","ES704","ES704A0","ES704A03","35015","71","32.8239","32.8061","38","33","86.8421","42","29","40.8451","","70","","","","","","98.5915","","","","","","","","","6.25","1136","464","","","","","","","3","34","34","4.2254","47.8873","47.8873","MULTIPOLYGON (((28.057076992323495 -14.330735865891358, 28.059262225403376 -14.331355894299826, 28.05996358976629 -14.328929621189591, 28.057778336492436 -14.328309643184395, 28.057076992323495 -14.330735865891358)))"
"Malla de 250m-20160101.fid-784d4b83_19a7406b760_3033","2016","35015","GRID_250","250mN094300E192025","ES704","ES704A0","ES704A03","35015","69","31.1232","31.0669","25","44","176","49","20","28.9855","","55","","","","","","79.7101","","","","","","","","","6.25","1104","320","","","","","","","16","27","26","23.1884","39.1304","37.6812","MULTIPOLYGON (((28.059881959127328 -14.321030795635409, 28.062067272974357 -14.321650622407608, 28.062768364079247 -14.319224229668254, 28.060583030044047 -14.318604453314785, 28.059881959127328 -14.321030795635409)))"
"Malla de 250m-20160101.fid-784d4b83_19a7406b760_3034","2016","35015","GRID_250","250mN094300E192050","ES704","ES704A0","ES704A03","35015","64","38.625","38.6492","35","29","82.8571","32","32","50","7","50","7","","","","10.9375","78.125","10.9375","28","14","14","100","100","","","6.25","1024","512","","","","","","","10","16","38","15.625","25","59.375","MULTIPOLYGON (((28.060583030044047 -14.318604453314785, 28.062768364079247 -14.319224229668254, 28.063469386866448 -14.31679780702543, 28.06128403264456 -14.316178081094536, 28.060583030044047 -14.318604453314785)))"
"Malla de 250m-20160101.fid-784d4b83_19a7406b760_3035","2016","35015","GRID_250","250mN094325E191625","ES704","ES704A0","ES704A03","35015","30","34.9667","34.9195","18","12","66.6667","20","10","33.3333","7","23","0","","","","23.3333","76.6667","0","30.4348","0","30.4348","0","","","","6.25","480","160","","","","","","","14","4","12","46.6667","13.3333","40","MULTIPOLYGON (((28.050840525130422 -14.360468838124255, 28.053025497707647 -14.36108952144402, 28.053727701935202 -14.358663557006649, 28.051542709144993 -14.35804292404715, 28.050840525130422 -14.360468838124255)))"
"Malla de 250m-20160101.fid-784d4b83_19a7406b760_3036","2016","35015","GRID_250","250mN094325E191675","ES704","ES704A0","ES704A03","35015","735","34.6116","34.6238","399","336","84.2105","453","282","38.3673","151","544","40","","","","20.5442","74.0136","5.4422","35.1103","7.3529","27.7574","26.4901","377.5","","","6.25","11760","4512","","","","","","","286","119","330","38.9116","16.1905","44.898","MULTIPOLYGON (((28.052244824862257 -14.35561698004227, 28.054429837864003 -14.356237562637649, 28.055131905492807 -14.353811538338535, 28.052946872280966 -14.353191006111148, 28.052244824862257 -14.35561698004227)))"
"Malla de 250m-20160101.fid-784d4b83_19a7406b760_3037","2016","35015","GRID_250","250mN094325E191700","ES704","ES704A0","ES704A03","35015","121","33.5413","33.5619","69","52","75.3623","67","54","44.6281","26","85","10","","","","21.4876","70.2479","8.2645","42.3529","11.7647","30.5882","38.4615","260","","","6.25","1936","864","","","","","","","60","11","50","49.5868","9.0909","41.3223","MULTIPOLYGON (((28.052946872280966 -14.353191006111148, 28.055131905492807 -14.353811538338535, 28.055833904820304 -14.351385484110816, 28.05364885139982 -14.350765002255278, 28.052946872280966 -14.353191006111148)))"
"Malla de 250m-20160101.fid-784d4b83_19a7406b760_3038","2016","35015","GRID_250","250mN094350E191675","ES704","ES704A0","ES704A03","35015","189","33.119","33.1407","106","83","78.3019","117","72","38.0952","39","144","6","","","","20.6349","76.1905","3.1746","31.25","4.1667","27.0833","15.3846","650","","","6.25","3024","1152","","","","","","","65","46","78","34.3915","24.3386","41.2698","MULTIPOLYGON (((28.054429837864003 -14.356237562637649, 28.056614832807032 -14.356858195604197, 28.057316920647555 -14.354432120933755, 28.055131905492807 -14.353811538338535, 28.054429837864003 -14.356237562637649)))"
"Malla de 250m-20160101.fid-784d4b83_19a7406b760_3039","2016","35015","GRID_250","250mN094350E191700","ES704","ES704A0","ES704A03","35015","70","34.9286","34.9258","39","31","79.4872","51","19","27.1429","14","51","5","","","","20","72.8571","7.1429","37.2549","9.8039","27.451","35.7143","280","","","6.25","1120","304","","","","","","","45","4","21","64.2857","5.7143","30","MULTIPOLYGON (((28.055131905492807 -14.353811538338535, 28.057316920647555 -14.354432120933755, 28.058018940185335 -14.352006016330845, 28.055833904820304 -14.351385484110816, 28.055131905492807 -14.353811538338535)))"
"Malla de 250m-20160101.fid-784d4b83_19a7406b760_303a","2016","35015","GRID_250","250mN094350E191900","ES704","ES704A0","ES704A03","35015","11","46.4091","46.3563","5","6","120","8","3","27.2727","0","8","3","","","","0","72.7273","27.2727","37.5","37.5","0","","0","","","6.25","176","48","","","","","","","0","6","5","0","54.5455","45.4545","MULTIPOLYGON (((28.060745987569575 -14.334402266643377, 28.06293116436598 -14.335022446128843, 28.06363263743593 -14.332596102120824, 28.061447440440823 -14.331975973041464, 28.060745987569575 -14.334402266643377)))"
"Malla de 250m-20160101.fid-784d4b83_19a7406b760_303b","2016","35015","GRID_250","250mN094375E191675","ES704","ES704A0","ES704A03","35015","510","33.5353","33.5467","247","263","106.4777","401","109","21.3725","107","382","21","","","","20.9804","74.902","4.1176","33.5079","5.4974","28.0105","19.6262","509.5238","","","6.25","8160","1744","","","","","","","226","116","168","44.3137","22.7451","32.9412","MULTIPOLYGON (((28.056614832807032 -14.356858195604197, 28.058799809691397 -14.357478878946486, 28.059501917745294 -14.355052753901356, 28.057316920647555 -14.354432120933755, 28.056614832807032 -14.356858195604197)))"
"Malla de 250m-20160101.fid-784d4b83_19a7406b760_303c","2016","35015","GRID_250","250mN094375E191700","ES704","ES704A0","ES704A03","35015","747","34.6928","34.7073","386","361","93.5233","618","129","17.2691","117","601","29","","","","15.6627","80.4552","3.8822","24.2928","4.8253","19.4676","24.7863","403.4483","","","6.25","11952","2064","","","","","","","415","165","167","55.5556","22.0884","22.3561","MULTIPOLYGON (((28.057316920647555 -14.354432120933755, 28.059501917745294 -14.355052753901356, 28.06020395749499 -14.352626598919912, 28.058018940185335 -14.352006016330845, 28.057316920647555 -14.354432120933755)))"
"Malla de 250m-20160101.fid-784d4b83_19a7406b760_303d","2016","35015","GRID_250","250mN094375E191875","ES704","ES704A0","ES704A03","35015","86","34.4419","34.456","43","43","100","58","28","32.5581","","70","","","","","","81.3953","","","","","","","","","6.25","1376","448","","","","","","","25","21","40","29.0698","24.4186","46.5116","MULTIPOLYGON (((28.062229622983082 -14.337448760216535, 28.064414761533794 -14.33806904045324, 28.06511632311845 -14.335642675959956, 28.06293116436598 -14.335022446128843, 28.062229622983082 -14.337448760216535)))"
"Malla de 250m-20160101.fid-784d4b83_19a7406b760_303e","2016","35015","GRID_250","250mN094375E191900","ES704","ES704A0","ES704A03","35015","11","37.9545","37.9372","6","5","83.3333","5","6","54.5455","","9","","","","","","81.8182","","","","","","","","","6.25","176","96","","","","","","","4","0","7","36.3636","0","63.6364","MULTIPOLYGON (((28.06293116436598 -14.335022446128843, 28.06511632311845 -14.335642675959956, 28.0658178163887 -14.333216281542493, 28.06363263743593 -14.332596102120824, 28.06293116436598 -14.335022446128843)))"
"Malla de 250m-20160101.fid-784d4b83_19a7406b760_303f","2016","35015","GRID_250","250mN094400E191675","ES704","ES704A0","ES704A03","35015","432","30.9954","31.0024","216","216","100","363","69","15.9722","113","309","10","","","","26.1574","71.5278","2.3148","39.8058","3.2362","36.5696","8.8496","1130","","","6.25","6912","1104","","","","","","","227","95","110","52.5463","21.9907","25.463","MULTIPOLYGON (((28.058799809691397 -14.357478878946486, 28.060984768517184 -14.358099612669069, 28.061686896786085 -14.355673437245931, 28.059501917745294 -14.355052753901356, 28.058799809691397 -14.357478878946486)))"
"Malla de 250m-20160101.fid-784d4b83_19a7406b760_3040","2016","35015","GRID_250","250mN094400E191700","ES704","ES704A0","ES704A03","35015","462","33.4589","33.4539","237","225","94.9367","356","106","22.9437","84","365","13","","","","18.1818","79.0043","2.8139","26.5753","3.5616","23.0137","15.4762","646.1538","","","6.25","7392","1696","","","","","","","219","107","136","47.4026","23.1602","29.4372","MULTIPOLYGON (((28.059501917745294 -14.355052753901356, 28.061686896786085 -14.355673437245931, 28.062388956749338 -14.35324723188261, 28.06020395749499 -14.352626598919912, 28.059501917745294 -14.355052753901356)))"
"Malla de 250m-20160101.fid-784d4b83_19a7406b760_3041","2016","35015","GRID_250","250mN094400E192250","ES704","ES704A0","ES704A03","35015","17","31.2647","31.2281","11","6","54.5455","6","11","64.7059","","15","","","","","","88.2353","","","","","","","","","6.25","272","176","","","","","","","","","13","","","76.4706","MULTIPOLYGON (((28.074931011712174 -14.301670431706219, 28.077116435116064 -14.302290005756795, 28.077816992032556 -14.29986314209355, 28.075631548447046 -14.299243618509848, 28.074931011712174 -14.301670431706219)))"
"Malla de 250m-20160101.fid-784d4b83_19a7406b760_3042","2016","35015","GRID_250","250mN094425E191675","ES704","ES704A0","ES704A03","35015","599","30.0092","30.0248","313","286","91.3738","526","73","12.187","169","414","16","","","","28.2137","69.1152","2.6711","44.686","3.8647","40.8213","9.4675","1056.25","","","6.25","9584","1168","","","","","","","366","110","123","61.1018","18.3639","20.5342","MULTIPOLYGON (((28.060984768517184 -14.358099612669069, 28.063169709284477 -14.358720396776508, 28.063871857770017 -14.356294170972024, 28.061686896786085 -14.355673437245931, 28.060984768517184 -14.358099612669069)))"
"Malla de 250m-20160101.fid-784d4b83_19a7406b760_3043","2016","35015","GRID_250","250mN094425E191700","ES704","ES704A0","ES704A03","35015","221","33.8529","33.8749","117","104","88.8889","182","39","17.6471","44","173","4","","","","19.9095","78.2805","1.81","27.7457","2.3121","25.4335","9.0909","1100","","","6.25","3536","624","","","","","","","107","61","53","48.4163","27.6018","23.9819","MULTIPOLYGON (((28.061686896786085 -14.355673437245931, 28.063871857770017 -14.356294170972024, 28.06457393794846 -14.35386791522347, 28.062388956749338 -14.35324723188261, 28.061686896786085 -14.355673437245931)))"
"Malla de 250m-20160101.fid-784d4b83_19a7406b760_3044","2016","35015","GRID_250","250mN094425E192175","ES704","ES704A0","ES704A03","35015","244","32.832","32.8158","114","130","114.0351","66","178","72.9508","5","235","4","","","","2.0492","96.3115","1.6393","3.8298","1.7021","2.1277","80","125","","","6.25","3904","2848","","","","","","","14","44","186","5.7377","18.0328","76.2295","MULTIPOLYGON (((28.07501435436948 -14.309570417300005, 28.077199699194004 -14.31019019304597, 28.077900481295377 -14.307763368648875, 28.075715116283256 -14.30714364336155, 28.07501435436948 -14.309570417300005)))"
"Malla de 250m-20160101.fid-784d4b83_19a7406b760_3045","2016","35015","GRID_250","250mN094425E192250","ES704","ES704A0","ES704A03","35015","347","36.8141","36.8336","169","178","105.3254","206","141","40.634","58","271","18","","","","16.7147","78.098","5.1873","28.0443","6.6421","21.4022","31.0345","322.2222","","","6.25","5552","2256","","","","","","","86","102","159","24.7839","29.3948","45.8213","MULTIPOLYGON (((28.077116435116064 -14.302290005756795, 28.079301840499088 -14.30290963011525, 28.080002417598838 -14.300482715981765, 28.077816992032556 -14.29986314209355, 28.077116435116064 -14.302290005756795)))"
"Malla de 250m-20160101.fid-784d4b83_19a7406b760_3046","2016","35015","GRID_250","250mN094425E192275","ES704","ES704A0","ES704A03","35015","37","37.5811","37.6137","18","19","105.5556","20","17","45.9459","5","29","3","","","","13.5135","78.3784","8.1081","27.5862","10.3448","17.2414","60","166.6667","","","6.25","592","272","","","","","","","9","7","21","24.3243","18.9189","56.7568","MULTIPOLYGON (((28.077816992032556 -14.29986314209355, 28.080002417598838 -14.300482715981765, 28.08070292636218 -14.298055771939207, 28.078517480614078 -14.29743624852509, 28.077816992032556 -14.29986314209355)))"
"Malla de 250m-20160101.fid-784d4b83_19a7406b760_3047","2016","35015","GRID_250","250mN094450E191675","ES704","ES704A0","ES704A03","35015","277","30.435","30.416","143","134","93.7063","239","38","13.7184","72","198","7","","","","25.9928","71.4801","2.5271","39.899","3.5354","36.3636","9.7222","1028.5714","","","6.25","4432","608","","","","","","","160","62","55","57.7617","22.3827","19.8556","MULTIPOLYGON (((28.063169709284477 -14.358720396776508, 28.065354631993312 -14.359341231273381, 28.066056800697133 -14.356914955084191, 28.063871857770017 -14.356294170972024, 28.063169709284477 -14.358720396776508)))"
"Malla de 250m-20160101.fid-784d4b83_19a7406b760_3048","2016","35015","GRID_250","250mN094450E191700","ES704","ES704A0","ES704A03","35015","70","33.9429","33.8961","36","34","94.4444","53","17","24.2857","","64","","","","","","91.4286","","","","","","","","","6.25","1120","272","","","","","","","23","27","20","32.8571","38.5714","28.5714","MULTIPOLYGON (((28.063871857770017 -14.356294170972024, 28.066056800697133 -14.356914955084191, 28.066758901092406 -14.354488648947076, 28.06457393794846 -14.35386791522347, 28.063871857770017 -14.356294170972024)))"
"Malla de 250m-20160101.fid-784d4b83_19a7406b760_3049","2016","35015","GRID_250","250mN094575E192550","ES704","ES704A0","ES704A03","35015","23","36.8478","36.8185","12","11","91.6667","19","4","17.3913","5","15","3","","","","21.7391","65.2174","13.0435","53.3333","20","33.3333","60","166.6667","","","6.25","368","64","","","","","","","","","12","","","52.1739","MULTIPOLYGON (((28.098632222626453 -14.276880533327825, 28.10081776210671 -14.277499853489998, 28.101517640114423 -14.275072277378424, 28.09933208045855 -14.274453007752985, 28.098632222626453 -14.276880533327825)))"
"Malla de 250m-20160101.fid-784d4b83_19a7406b760_3056","2016","35015","GRID_250","250mN094975E190350","ES704","ES704A0","ES704A03","35015","20","46.9","47.0025","11","9","81.8182","","","","0","16","4","","","","0","80","20","25","25","0","","0","","","4.4165","452.8473","","","","","","","","17","","","85","","","MULTIPOLYGON (((28.072435596592083 -14.500577663035266, 28.07389861369593 -14.500996149339809, 28.074604827496266 -14.498570408012826, 28.073189663838185 -14.49816564602378, 28.07310806106293 -14.49839084556535, 28.07287401010964 -14.498853338540691, 28.072596105345514 -14.499437131590827, 28.072508608434898 -14.499678065398648, 28.072449620957457 -14.499946711637655, 28.072435596592083 -14.500577663035266)))"
"Malla de 250m-20160101.fid-784d4b83_19a7406b760_3057","2016","35015","GRID_250","250mN094975E193075","ES704","ES704A0","ES704A03","35015","13","49.0385","48.9736","8","5","62.5","3","10","76.9231","","11","","","","","","84.6154","","","","","","","","","6.25","208","160","","","","","","","","","10","","","76.9231","MULTIPOLYGON (((28.148288129887547 -14.235794376483684, 28.150473805296855 -14.236413438773397, 28.151172570009646 -14.23398442444826, 28.14898687442918 -14.233365412830292, 28.148288129887547 -14.235794376483684)))"
"Malla de 250m-20160101.fid-784d4b83_19a7406b760_3058","2016","35015","GRID_250","250mN094975E193100","ES704","ES704A0","ES704A03","35015","47","38.4149","38.3321","30","17","56.6667","23","24","51.0638","","40","","","","","","85.1064","","","","","","","","","6.25","752","384","","","","","","","6","13","28","12.766","27.6596","59.5745","MULTIPOLYGON (((28.14898687442918 -14.233365412830292, 28.151172570009646 -14.23398442444826, 28.15187126631187 -14.231555380179634, 28.149685550561692 -14.230936419237297, 28.14898687442918 -14.233365412830292)))"
"Malla de 250m-20160101.fid-784d4b83_19a7406b760_3080","2016","35015","GRID_250","250mN095025E193100","ES704","ES704A0","ES704A03","35015","70","47.3714","47.4005","35","35","100","20","50","71.4286","7","43","20","","","","10","61.4286","28.5714","62.7907","46.5116","16.2791","285.7143","35","","","6.25","1120","800","","","","","","","13","5","52","18.5714","7.1429","74.2857","MULTIPOLYGON (((28.153358247626624 -14.234603486364808, 28.155543907280137 -14.235222598584516, 28.156242643926657 -14.232793452954503, 28.15405696410016 -14.23217439141718, 28.153358247626624 -14.234603486364808)))"
"Malla de 250m-20160101.fid-784d4b83_19a7406b760_3081","2016","35015","GRID_250","250mN095025E193125","ES704","ES704A0","ES704A03","35015","194","46.8608","46.8556","99","95","95.9596","64","130","67.0103","14","132","48","","","","7.2165","68.0412","24.7423","46.9697","36.3636","10.6061","342.8571","29.1667","","","6.25","3104","2080","","","","","","","19","47","128","9.7938","24.2268","65.9794","MULTIPOLYGON (((28.15405696410016 -14.23217439141718, 28.156242643926657 -14.232793452954503, 28.15694131215839 -14.230364277374816, 28.154755612160383 -14.229745266523741, 28.15405696410016 -14.23217439141718)))"
"Malla de 250m-20160101.fid-784d4b83_19a7406b760_3082","2016","35015","GRID_250","250mN095025E193150","ES704","ES704A0","ES704A03","35015","20","51.15","51.2082","11","9","81.8182","5","15","75","3","8","9","","","","15","40","45","150","112.5","37.5","300","33.3333","","","6.25","320","240","","","","","","","","","15","","","75","MULTIPOLYGON (((28.154755612160383 -14.229745266523741, 28.15694131215839 -14.230364277374816, 28.15763991197406 -14.227935071846995, 28.155454191805994 -14.227316111686026, 28.154755612160383 -14.229745266523741)))"
"Malla de 250m-20160101.fid-784d4b83_19a7406b760_30a7","2016","35015","GRID_250","250mN095050E193100","ES704","ES704A0","ES704A03","35015","44","43","42.9976","21","23","109.5238","11","33","75","6","31","7","","","","13.6364","70.4545","15.9091","41.9355","22.5806","19.3548","116.6667","85.7143","","","6.25","704","528","","","","","","","8","6","30","18.1818","13.6364","68.1818","MULTIPOLYGON (((28.155543907280137 -14.235222598584516, 28.15772954897031 -14.235841761111944, 28.158428305791443 -14.233412564796192, 28.156242643926657 -14.232793452954503, 28.155543907280137 -14.235222598584516)))"
"Malla de 250m-20160101.fid-784d4b83_19a7406b760_30a8","2016","35015","GRID_250","250mN095050E193125","ES704","ES704A0","ES704A03","35015","73","50.8014","50.8385","41","32","78.0488","20","53","72.6027","5","43","25","","","","6.8493","58.9041","34.2466","69.7674","58.1395","11.6279","500","20","","","6.25","1168","848","","","","","","","10","11","52","13.6986","15.0685","71.2329","MULTIPOLYGON (((28.156242643926657 -14.232793452954503, 28.158428305791443 -14.233412564796192, 28.15912699419631 -14.230983338526892, 28.15694131215839 -14.230364277374816, 28.156242643926657 -14.232793452954503)))"
"Malla de 250m-20160101.fid-784d4b83_19a7406b760_30a9","2016","35015","GRID_250","250mN095050E193150","ES704","ES704A0","ES704A03","35015","98","39.0408","39.0611","54","44","81.4815","42","56","57.1429","4","83","11","","","","4.0816","84.6939","11.2245","18.0723","13.253","4.8193","275","36.3636","","","6.25","1568","896","","","","","","","5","30","63","5.102","30.6122","64.2857","MULTIPOLYGON (((28.15694131215839 -14.230364277374816, 28.15912699419631 -14.230983338526892, 28.15982561418366 -14.228554082305577, 28.15763991197406 -14.227935071846995, 28.15694131215839 -14.230364277374816)))"
"Malla de 250m-20160101.fid-784d4b83_19a7406b760_30aa","2016","35015","GRID_250","250mN095050E193175","ES704","ES704A0","ES704A03","35015","19","47.7105","47.621","11","8","72.7273","8","11","57.8947","","11","","","","","","57.8947","","","","","","","","","6.25","304","176","","","","","","","4","0","15","21.0526","0","78.9474","MULTIPOLYGON (((28.15763991197406 -14.227935071846995, 28.15982561418366 -14.228554082305577, 28.160524165752207 -14.226124796133806, 28.158338443372358 -14.225505836372585, 28.15763991197406 -14.227935071846995)))"
"Malla de 250m-20160101.fid-784d4b83_19a7406b760_30c9","2016","35015","GRID_250","250mN095075E193150","ES704","ES704A0","ES704A03","35015","33","46.6818","46.7307","13","20","153.8462","13","20","60.6061","5","24","4","","","","15.1515","72.7273","12.1212","37.5","16.6667","20.8333","80","125","","","6.25","528","320","","","","","","","","","23","","","69.697","MULTIPOLYGON (((28.15912699419631 -14.230983338526892, 28.16131265827422 -14.231602449984509, 28.162011298434894 -14.229173143066339, 28.15982561418366 -14.228554082305577, 28.15912699419631 -14.230983338526892)))"
"Malla de 250m-20160101.fid-784d4b83_19a7406b760_30ca","2016","35015","GRID_250","250mN095075E193900","ES704","ES704A0","ES704A03","35015","74","34.2297","34.2358","39","35","89.7436","66","8","10.8108","17","53","4","","","","22.973","71.6216","5.4054","39.6226","7.5472","32.0755","23.5294","425","","","6.25","1184","128","","","","","","","41","21","12","55.4054","28.3784","16.2162","MULTIPOLYGON (((28.180055826448644 -14.15809262971868, 28.18224209508988 -14.158710218587984, 28.18293868208673 -14.156280013713474, 28.180752393316098 -14.155662475657046, 28.180055826448644 -14.15809262971868)))"
"Malla de 250m-20160101.fid-784d4b83_19a7406b760_30cb","2016","35015","GRID_250","250mN095075E193925","ES704","ES704A0","ES704A03","35015","47","32.7766","32.8343","27","20","74.0741","26","21","44.6809","","38","","","","","","80.8511","","","","","","","","","6.0424","777.8366","347.544","","","","","","","18","7","22","38.2979","14.8936","46.8085","MULTIPOLYGON (((28.181190246341455 -14.154134764378485, 28.180752393316098 -14.155662475657046, 28.18293868208673 -14.156280013713474, 28.18363520062501 -14.153849778931159, 28.181858516284468 -14.15334798156951, 28.18131285460878 -14.153963508458116, 28.181190246341455 -14.154134764378485)))"
"Malla de 250m-20160101.fid-784d4b83_19a7406b760_30cc","2016","35015","GRID_250","250mN095075E193950","ES704","ES704A0","ES704A03","35015","317","38.6861","38.6971","164","153","93.2927","249","68","21.4511","38","247","32","","","","11.9874","77.918","10.0946","28.3401","12.9555","15.3846","84.2105","118.75","","","4.1437","7650.1677","1641.0454","","","","","","","210","35","72","66.2461","11.041","22.7129","MULTIPOLYGON (((28.182976545977873 -14.151036819146348, 28.182922291827044 -14.151288415617538, 28.18275803215632 -14.15184513040523, 28.182531053429724 -14.15237492229882, 28.182449218264143 -14.152535172517382, 28.182176588757603 -14.152966607451932, 28.182073893868214 -14.153105024921201, 28.181858516284468 -14.15334798156951, 28.18363520062501 -14.153849778931159, 28.18433165070341 -14.151419514242598, 28.182976545977873 -14.151036819146348)))"
"Malla de 250m-20160101.fid-784d4b83_19a7406b760_30cd","2016","35015","GRID_250","250mN095075E193975","ES704","ES704A0","ES704A03","35015","190","38.2316","38.2572","110","80","72.7273","119","71","37.3684","25","148","17","","","","13.1579","77.8947","8.9474","28.3784","11.4865","16.8919","68","147.0588","","","4.7955","3962.0478","1480.5547","","","","","","","81","37","72","42.6316","19.4737","37.8947","MULTIPOLYGON (((28.182976545977873 -14.151036819146348, 28.18433165070341 -14.151419514242598, 28.185028032320677 -14.148989219649325, 28.18284168317063 -14.148371834054693, 28.18267469381192 -14.148954629784116, 28.182941982283648 -14.149059788737514, 28.182983697271382 -14.149122804807941, 28.183087211767866 -14.149360794971452, 28.183119363305586 -14.149510303395633, 28.18315118973708 -14.149834077773647, 28.18314874929649 -14.149948387959585, 28.183098514543026 -14.150407680418542, 28.183003383023646 -14.150912364992639, 28.182976545977873 -14.151036819146348)))"
"Malla de 250m-20160101.fid-784d4b83_19a7406b760_30f5","2016","35015","GRID_250","250mN095100E193150","ES704","ES704A0","ES704A03","35015","618","38.2282","38.2585","318","300","94.3396","262","356","57.6052","86","477","55","","","","13.9159","77.1845","8.8997","29.5597","11.5304","18.0294","63.9535","156.3636","","","6.25","9888","5696","","","","","","","111","137","370","17.9612","22.1683","59.8706","MULTIPOLYGON (((28.16131265827422 -14.231602449984509, 28.163498304392185 -14.232221611752266, 28.164196964727836 -14.22979225413386, 28.162011298434894 -14.229173143066339, 28.16131265827422 -14.231602449984509)))"
"Malla de 250m-20160101.fid-784d4b83_19a7406b760_30f6","2016","35015","GRID_250","250mN095100E193225","ES704","ES704A0","ES704A03","35015","39","40.6282","40.5946","24","15","62.5","26","13","33.3333","","38","","","","","","97.4359","","","","","","","","","6.25","624","208","","","","","","","","21","","","53.8462","","MULTIPOLYGON (((28.163408373494153 -14.224314439368559, 28.165594080132625 -14.224933449023998, 28.166292535199236 -14.22250400153563, 28.164106808390198 -14.221885042592032, 28.163408373494153 -14.224314439368559)))"
"Malla de 250m-20160101.fid-784d4b83_19a7406b760_30f7","2016","35015","GRID_250","250mN095100E193250","ES704","ES704A0","ES704A03","35015","16","30.6875","30.7722","7","9","128.5714","11","5","31.25","4","9","3","","","","25","56.25","18.75","77.7778","33.3333","44.4444","75","133.3333","","","6.25","256","80","","","","","","","","","8","","","50","MULTIPOLYGON (((28.164106808390198 -14.221885042592032, 28.166292535199236 -14.22250400153563, 28.166990921840274 -14.220074524093693, 28.16480517486212 -14.219455615865801, 28.164106808390198 -14.221885042592032)))"
"Malla de 250m-20160101.fid-784d4b83_19a7406b760_30f8","2016","35015","GRID_250","250mN095100E193325","ES704","ES704A0","ES704A03","35015","132","38.9167","38.9168","67","65","97.0149","47","85","64.3939","16","106","10","","","","12.1212","80.303","7.5758","24.5283","9.434","15.0943","62.5","160","","","6.25","2112","1360","","","","","","","23","28","81","17.4242","21.2121","61.3636","MULTIPOLYGON (((28.166201702528554 -14.214596672570451, 28.168387489840544 -14.215215479355301, 28.169085671197234 -14.212785912061952, 28.166899863720495 -14.21216715600441, 28.166201702528554 -14.214596672570451)))"
"Malla de 250m-20160101.fid-784d4b83_19a7406b760_30f9","2016","35015","GRID_250","250mN095100E193925","ES704","ES704A0","ES704A03","35015","46","34.3478","34.3377","24","22","91.6667","33","13","28.2609","","34","","","","","","73.913","","","","","","","","","6.25","736","208","","","","","","","23","9","14","50","19.5652","30.4348","MULTIPOLYGON (((28.18293868208673 -14.156280013713474, 28.185124952948115 -14.156897601975228, 28.18582149161596 -14.154467316372788, 28.18363520062501 -14.153849778931159, 28.18293868208673 -14.156280013713474)))"
"Malla de 250m-20160101.fid-784d4b83_19a7406b760_30fa","2016","35015","GRID_250","250mN095100E193950","ES704","ES704A0","ES704A03","35015","699","33.47","33.4896","363","336","92.562","414","285","40.7725","152","521","26","","","","21.7454","74.5351","3.7196","34.1651","4.9904","29.1747","17.1053","584.6154","","","6.25","11184","4560","","","","","","","272","136","291","38.9127","19.4564","41.6309","MULTIPOLYGON (((28.18363520062501 -14.153849778931159, 28.18582149161596 -14.154467316372788, 28.186517961822478 -14.152037000860226, 28.18433165070341 -14.151419514242598, 28.18363520062501 -14.153849778931159)))"
"Malla de 250m-20160101.fid-784d4b83_19a7406b760_30fb","2016","35015","GRID_250","250mN095100E193975","ES704","ES704A0","ES704A03","35015","29","31.4655","31.539","18","11","61.1111","12","17","58.6207","","20","","","","","","68.9655","","","","","","","","","6.25","464","272","","","","","","","12","0","17","41.3793","0","58.6207","MULTIPOLYGON (((28.18433165070341 -14.151419514242598, 28.186517961822478 -14.152037000860226, 28.18721436356638 -14.149606655439104, 28.185028032320677 -14.148989219649325, 28.18433165070341 -14.151419514242598)))"
"Malla de 250m-20160101.fid-784d4b83_19a7406b760_3113","2016","35015","GRID_250","250mN095125E193125","ES704","ES704A0","ES704A03","35015","48","46.9375","46.9492","20","28","140","10","38","79.1667","5","32","11","","","","10.4167","66.6667","22.9167","50","34.375","15.625","220","45.4545","","","6.25","768","608","","","","","","","5","4","39","10.4167","8.3333","81.25","MULTIPOLYGON (((28.1627995756361 -14.234650939410919, 28.16498518361616 -14.23527020219312, 28.165683932550312 -14.232840823834714, 28.163498304392185 -14.232221611752266, 28.1627995756361 -14.234650939410919)))"
"Malla de 250m-20160101.fid-784d4b83_19a7406b760_3114","2016","35015","GRID_250","250mN095125E193150","ES704","ES704A0","ES704A03","35015","401","39.2456","39.2789","212","189","89.1509","238","163","40.6484","64","295","42","","","","15.9601","73.5661","10.4738","35.9322","14.2373","21.6949","65.625","152.381","","","6.25","6416","2608","","","","","","","109","103","189","27.182","25.6858","47.1322","MULTIPOLYGON (((28.163498304392185 -14.232221611752266, 28.165683932550312 -14.232840823834714, 28.16638261306254 -14.23041141551271, 28.164196964727836 -14.22979225413386, 28.163498304392185 -14.232221611752266)))"
"Malla de 250m-20160101.fid-784d4b83_19a7406b760_3115","2016","35015","GRID_250","250mN095125E193175","ES704","ES704A0","ES704A03","35015","287","34.3049","34.3334","161","126","78.2609","143","144","50.1742","64","200","23","","","","22.2997","69.6864","8.0139","43.5","11.5","32","35.9375","278.2609","","","6.25","4592","2304","","","","","","","70","41","176","24.3902","14.2857","61.324","MULTIPOLYGON (((28.164196964727836 -14.22979225413386, 28.16638261306254 -14.23041141551271, 28.16708122515158 -14.22798197722863, 28.16489555664173 -14.22736286655726, 28.164196964727836 -14.22979225413386)))"
"Malla de 250m-20160101.fid-784d4b83_19a7406b760_3116","2016","35015","GRID_250","250mN095125E193975","ES704","ES704A0","ES704A03","35015","83","35.1506","35.1778","50","33","66","67","16","19.2771","15","64","4","","","","18.0723","77.1084","4.8193","29.6875","6.25","23.4375","26.6667","375","","","6.25","1328","256","","","","","","","30","25","28","36.1446","30.1205","33.7349","MULTIPOLYGON (((28.186517961822478 -14.152037000860226, 28.188704255035635 -14.152654537680966, 28.18940067690781 -14.150224141428595, 28.18721436356638 -14.149606655439104, 28.186517961822478 -14.152037000860226)))"
"Malla de 250m-20160101.fid-784d4b83_19a7406b760_3128","2016","35015","GRID_250","250mN095150E193125","ES704","ES704A0","ES704A03","35015","344","32.4273","32.4602","188","156","82.9787","237","107","31.1047","86","251","7","","","","25","72.9651","2.0349","37.0518","2.7888","34.2629","8.1395","1228.5714","","","6.25","5504","1712","","","","","","","123","90","131","35.7558","26.1628","38.0814","MULTIPOLYGON (((28.16498518361616 -14.23527020219312, 28.167170773634798 -14.235889515297954, 28.167869542748644 -14.233460086236452, 28.165683932550312 -14.232840823834714, 28.16498518361616 -14.23527020219312)))"
"Malla de 250m-20160101.fid-784d4b83_19a7406b760_3129","2016","35015","GRID_250","250mN095150E193175","ES704","ES704A0","ES704A03","35015","51","37.8333","37.7852","27","24","88.8889","29","22","43.1373","5","43","3","","","","9.8039","84.3137","5.8824","18.6047","6.9767","11.6279","60","166.6667","","","6.25","816","352","","","","","","","5","20","26","9.8039","39.2157","50.9804","MULTIPOLYGON (((28.16638261306254 -14.23041141551271, 28.16856824343911 -14.231030627207458, 28.169266875704917 -14.228601138212529, 28.16708122515158 -14.22798197722863, 28.16638261306254 -14.23041141551271)))"
"Malla de 250m-20160101.fid-784d4b83_19a7406b760_312a","2016","35015","GRID_250","250mN095150E193225","ES704","ES704A0","ES704A03","35015","153","44.2386","44.2279","86","67","77.907","69","84","54.902","20","106","27","","","","13.0719","69.281","17.6471","44.3396","25.4717","18.8679","135","74.0741","","","6.25","2448","1344","","","","","","","25","33","95","16.3399","21.5686","62.0915","MULTIPOLYGON (((28.167779768816157 -14.225552508984023, 28.1699654395448 -14.226171619253195, 28.17066393495747 -14.22374207033101, 28.168478244054963 -14.223123010780437, 28.167779768816157 -14.225552508984023)))"
"Malla de 250m-20160101.fid-784d4b83_19a7406b760_312b","2016","35015","GRID_250","250mN095150E193250","ES704","ES704A0","ES704A03","35015","174","36.1552","36.1605","91","83","91.2088","77","97","55.7471","27","139","8","","","","15.5172","79.8851","4.5977","25.1799","5.7554","19.4245","29.6296","337.5","","","6.25","2784","1552","","","","","","","30","34","110","17.2414","19.5402","63.2184","MULTIPOLYGON (((28.168478244054963 -14.223123010780437, 28.17066393495747 -14.22374207033101, 28.17136236194165 -14.221312491447529, 28.169176650866756 -14.220693482619408, 28.168478244054963 -14.223123010780437)))"
"Malla de 250m-20160101.fid-784d4b83_19a7406b760_312c","2016","35015","GRID_250","250mN095150E193275","ES704","ES704A0","ES704A03","35015","517","34.3414","34.3647","283","234","82.6855","249","268","51.8375","90","410","17","","","","17.4081","79.3037","3.2882","26.0976","4.1463","21.9512","18.8889","529.4118","","","6.25","8272","4288","","","","","","","114","100","303","22.0503","19.3424","58.6074","MULTIPOLYGON (((28.169176650866756 -14.220693482619408, 28.17136236194165 -14.221312491447529, 28.17206072049605 -14.21888288260428, 28.16987498925025 -14.218263924502494, 28.169176650866756 -14.220693482619408)))"
"Malla de 250m-20160101.fid-784d4b83_19a7406b760_312d","2016","35015","GRID_250","250mN095150E193300","ES704","ES704A0","ES704A03","35015","49","40.4796","40.4894","25","24","96","19","30","61.2245","5","41","3","","","","10.2041","83.6735","6.1224","19.5122","7.3171","12.1951","60","166.6667","","","6.25","784","480","","","","","","","11","10","28","22.449","20.4082","57.1429","MULTIPOLYGON (((28.16987498925025 -14.218263924502494, 28.17206072049605 -14.21888288260428, 28.17275901061942 -14.216453243802825, 28.17057325920415 -14.215834336431243, 28.16987498925025 -14.218263924502494)))"
"Malla de 250m-20160101.fid-784d4b83_19a7406b760_312e","2016","35015","GRID_250","250mN095150E193325","ES704","ES704A0","ES704A03","35015","141","38.8972","38.9307","79","62","78.481","51","90","63.8298","21","110","10","","","","14.8936","78.0142","7.0922","28.1818","9.0909","19.0909","47.619","210","","","6.25","2256","1440","","","","","","","30","25","86","21.2766","17.7305","60.9929","MULTIPOLYGON (((28.17057325920415 -14.215834336431243, 28.17275901061942 -14.216453243802825, 28.173457232310454 -14.214023575044703, 28.171271460727187 -14.213404718407187, 28.17057325920415 -14.215834336431243)))"
"Malla de 250m-20160101.fid-784d4b83_19a7406b760_313d","2016","35015","GRID_250","250mN095175E193250","ES704","ES704A0","ES704A03","35015","293","34.8959","34.8936","158","135","85.443","160","133","45.3925","43","240","10","","","","14.6758","81.9113","3.413","22.0833","4.1667","17.9167","23.2558","430","","","6.25","4688","2128","","","","","","","61","90","142","20.8191","30.7167","48.4642","MULTIPOLYGON (((28.17066393495747 -14.22374207033101, 28.172849607906816 -14.224361180191954, 28.17354805506501 -14.22193155058263, 28.17136236194165 -14.221312491447529, 28.17066393495747 -14.22374207033101)))"
"Malla de 250m-20160101.fid-784d4b83_19a7406b760_313e","2016","35015","GRID_250","250mN095175E193275","ES704","ES704A0","ES704A03","35015","253","31.8715","31.8531","127","126","99.2126","181","72","28.4585","63","185","5","","","","24.9012","73.1225","1.9763","36.7568","2.7027","34.0541","7.9365","1260","","","6.25","4048","1152","","","","","","","102","61","90","40.3162","24.1107","35.5731","MULTIPOLYGON (((28.17136236194165 -14.221312491447529, 28.17354805506501 -14.22193155058263, 28.174246433791964 -14.219501891009667, 28.17206072049605 -14.21888288260428, 28.17136236194165 -14.221312491447529)))"
"Malla de 250m-20160101.fid-784d4b83_19a7406b760_313f","2016","35015","GRID_250","250mN095175E193300","ES704","ES704A0","ES704A03","35015","34","42.6471","42.6983","15","19","126.6667","9","25","73.5294","","29","","","","","","85.2941","","","","","","","","","6.25","544","400","","","","","","","4","6","24","11.7647","17.6471","70.5882","MULTIPOLYGON (((28.17206072049605 -14.21888288260428, 28.174246433791964 -14.219501891009667, 28.174944744086446 -14.21707220147463, 28.17275901061942 -14.216453243802825, 28.17206072049605 -14.21888288260428)))"
"Malla de 250m-20160101.fid-784d4b83_19a7406b760_314a","2016","35015","GRID_250","250mN095200E193225","ES704","ES704A0","ES704A03","35015","137","35.646","35.6652","66","71","107.5758","94","43","31.3869","","113","","","","","","82.4818","","","","","","","","","6.25","2192","688","","","","","","","34","46","57","24.8175","33.5766","41.6058","MULTIPOLYGON (((28.172151092318654 -14.226790779836099, 28.174336727137774 -14.227409990737318, 28.17503526290305 -14.22498034036782, 28.172849607906816 -14.224361180191954, 28.172151092318654 -14.226790779836099)))"
"Malla de 250m-20160101.fid-784d4b83_19a7406b760_314b","2016","35015","GRID_250","250mN095200E193250","ES704","ES704A0","ES704A03","35015","334","31.9132","31.8844","170","164","96.4706","238","96","28.7425","86","234","14","","","","25.7485","70.0599","4.1916","42.735","5.9829","36.7521","16.2791","614.2857","","","6.25","5344","1536","","","","","","","123","86","125","36.8263","25.7485","37.4251","MULTIPOLYGON (((28.172849607906816 -14.224361180191954, 28.17503526290305 -14.22498034036782, 28.175733730236907 -14.222550660029281, 28.17354805506501 -14.22193155058263, 28.172849607906816 -14.224361180191954)))"
"Malla de 250m-20160101.fid-784d4b83_19a7406b760_314c","2016","35015","GRID_250","250mN095200E193275","ES704","ES704A0","ES704A03","35015","14","42.2857","42.2251","5","9","180","","","","","12","","","","","","85.7143","","","","","","","","","6.25","224","","","","","","","","","8","","","57.1429","","MULTIPOLYGON (((28.17354805506501 -14.22193155058263, 28.175733730236907 -14.222550660029281, 28.17643212913808 -14.22012094972323, 28.174246433791964 -14.219501891009667, 28.17354805506501 -14.22193155058263)))"
"Malla de 250m-20160101.fid-784d4b83_19a7406b760_316b","2016","35015","GRID_250","250mN095275E194000","ES704","ES704A0","ES704A03","35015","203","42.7759","42.804","106","97","91.5094","180","23","11.33","17","160","26","","","","8.3744","78.8177","12.8079","26.875","16.25","10.625","152.9412","65.3846","","","6.25","3248","368","","","","","","","146","24","33","71.9212","11.8227","16.2562","MULTIPOLYGON (((28.200331975053704 -14.153312324531814, 28.202518180971197 -14.153930111815612, 28.20321465517318 -14.151499380570508, 28.20102842911907 -14.150881644142165, 28.200331975053704 -14.153312324531814)))"
"Malla de 250m-20160101.fid-784d4b83_19a7406b760_320c","2016","35015","GRID_250","250mN095550E193450","ES704","ES704A0","ES704A03","35015","11","61.5909","61.5663","5","6","120","3","8","72.7273","0","7","4","","","","0","63.6364","36.3636","57.1429","57.1429","0","","0","","","6.25","176","128","","","","","","","","","8","","","72.7273","MULTIPOLYGON (((28.20903506556974 -14.213590441976857, 28.211220630778467 -14.214209900721965, 28.211918833082144 -14.211779269689215, 28.209733247686568 -14.211159861751621, 28.20903506556974 -14.213590441976857)))"
"Malla de 250m-20160101.fid-784d4b83_19a7406b760_321f","2016","35015","GRID_250","250mN095575E193400","ES704","ES704A0","ES704A03","35015","26","61.1154","61.1194","13","13","100","5","21","80.7692","0","17","9","","","","0","65.3846","34.6154","52.9412","52.9412","0","","0","","","6.25","416","336","","","","","","","","","22","","","84.6154","MULTIPOLYGON (((28.209824020785938 -14.21907107275323, 28.212009527674407 -14.219690683465114, 28.212707887092538 -14.217260061652555, 28.210522360012636 -14.216640501743809, 28.209824020785938 -14.21907107275323)))"
"Malla de 250m-20160101.fid-784d4b83_19a7406b760_3220","2016","35015","GRID_250","250mN095575E193425","ES704","ES704A0","ES704A03","35015","57","53.9561","53.9509","25","32","128","7","50","87.7193","6","29","22","","","","10.5263","50.8772","38.5965","96.5517","75.8621","20.6897","366.6667","27.2727","","","6.25","912","800","","","","","","","7","4","46","12.2807","7.0175","80.7018","MULTIPOLYGON (((28.210522360012636 -14.216640501743809, 28.212707887092538 -14.217260061652555, 28.213406178048345 -14.214829409823677, 28.211220630778467 -14.214209900721965, 28.210522360012636 -14.216640501743809)))"
"Malla de 250m-20160101.fid-784d4b83_19a7406b760_3221","2016","35015","GRID_250","250mN095575E193450","ES704","ES704A0","ES704A03","35015","43","47.2674","47.254","16","27","168.75","12","31","72.093","3","31","9","","","","6.9767","72.093","20.9302","38.7097","29.0323","9.6774","300","33.3333","","","6.25","688","496","","","","","","","7","5","31","16.2791","11.6279","72.093","MULTIPOLYGON (((28.211220630778467 -14.214209900721965, 28.213406178048345 -14.214829409823677, 28.214104400540528 -14.212398727980032, 28.211918833082144 -14.211779269689215, 28.211220630778467 -14.214209900721965)))"
"Malla de 250m-20160101.fid-784d4b83_19a7406b760_3236","2016","35015","GRID_250","250mN095600E193400","ES704","ES704A0","ES704A03","35015","145","40.8517","40.8417","82","63","76.8293","80","65","44.8276","14","111","20","","","","9.6552","76.5517","13.7931","30.6306","18.018","12.6126","142.8571","70","","","6.25","2320","1040","","","","","","","72","6","67","49.6552","4.1379","46.2069","MULTIPOLYGON (((28.212009527674407 -14.219690683465114, 28.21419501662083 -14.220310344544949, 28.214893396232036 -14.217879671925868, 28.212707887092538 -14.217260061652555, 28.212009527674407 -14.219690683465114)))"
"Malla de 250m-20160101.fid-784d4b83_19a7406b760_3237","2016","35015","GRID_250","250mN095600E193450","ES704","ES704A0","ES704A03","35015","15","52.6333","52.6315","8","7","87.5","4","11","73.3333","","11","","","","","","73.3333","","","","","","","","","6.25","240","176","","","","","","","","","11","","","73.3333","MULTIPOLYGON (((28.213406178048345 -14.214829409823677, 28.21559170737944 -14.215448969286577, 28.216289950061768 -14.213018236628647, 28.214104400540528 -14.212398727980032, 28.213406178048345 -14.214829409823677)))"
"Malla de 250m-20160101.fid-784d4b83_19a7406b760_3238","2016","35015","GRID_250","250mN095600E193475","ES704","ES704A0","ES704A03","35015","24","53.9583","53.9537","13","11","84.6154","4","20","83.3333","0","16","8","","","","0","66.6667","33.3333","50","50","0","","0","","","6.25","384","320","","","","","","","","","19","","","79.1667","MULTIPOLYGON (((28.214104400540528 -14.212398727980032, 28.216289950061768 -14.213018236628647, 28.216988124277766 -14.210587473953616, 28.214802554567825 -14.209968016123169, 28.214104400540528 -14.212398727980032)))"
"Malla de 250m-20160101.fid-784d4b83_19a7406b760_324c","2016","35015","GRID_250","250mN095625E193400","ES704","ES704A0","ES704A03","35015","15","31.3667","31.3789","7","8","114.2857","8","7","46.6667","","13","","","","","","86.6667","","","","","","","","","6.25","240","112","","","","","","","","","8","","","53.3333","MULTIPOLYGON (((28.21419501662083 -14.220310344544949, 28.216380487625276 -14.220930055997314, 28.21707888743119 -14.218499332568317, 28.214893396232036 -14.217879671925868, 28.21419501662083 -14.220310344544949)))"
"Malla de 250m-20160101.fid-784d4b83_19a7406b760_32e8","2016","35015","GRID_250","250mN095925E193650","ES704","ES704A0","ES704A03","35015","31","48.8548","48.8504","19","12","63.1579","26","5","16.129","3","21","7","","","","9.6774","67.7419","22.5806","47.619","33.3333","14.2857","233.3333","42.8571","","","6.25","496","80","","","","","","","25","","","80.6452","","","MULTIPOLYGON (((28.247402623268613 -14.203436029442258, 28.249588081053048 -14.204055837043189, 28.250286038437157 -14.201624202994877, 28.248100560453015 -14.201004446283287, 28.247402623268613 -14.203436029442258)))"
"Malla de 250m-20160101.fid-784d4b83_19a7406b760_3476","2016","35015","GRID_250","250mN096650E194900","ES704","ES704A0","ES704A03","35015","12","35.3333","35.2952","7","5","71.4286","","","","","9","","","","","","75","","","","","","","","","6.25","192","","","","","","","","9","","","75","","","MULTIPOLYGON (((28.345615821195306 -14.099740991924467, 28.347801769757215 -14.100359708791999, 28.348496885156486 -14.097925091005967, 28.346310916420954 -14.097306425320722, 28.345615821195306 -14.099740991924467)))"
"Malla de 250m-20160101.fid-784d4b83_19a7406b760_347f","2016","35015","GRID_250","250mN096675E194800","ES704","ES704A0","ES704A03","35015","44","36.5","36.6215","22","22","100","44","0","0","10","29","5","","","","22.7273","65.9091","11.3636","51.7241","17.2414","34.4828","50","200","","","6.25","704","0","","","","","","","44","0","0","100","0","0","MULTIPOLYGON (((28.345020622159815 -14.11009787901188, 28.347206472165517 -14.110716850944929, 28.347901882143507 -14.108282302361618, 28.345716011956657 -14.107663381598712, 28.345020622159815 -14.11009787901188)))"
"Malla de 250m-20160101.fid-784d4b83_19a7406b760_3480","2016","35015","GRID_250","250mN096675E194900","ES704","ES704A0","ES704A03","35015","70","42.0714","42.0424","33","37","112.1212","67","3","4.2857","13","47","10","","","","18.5714","67.1429","14.2857","48.9362","21.2766","27.6596","76.9231","130","","","6.25","1120","48","","","","","","","65","","","92.8571","","","MULTIPOLYGON (((28.347801769757215 -14.100359708791999, 28.349987700478678 -14.10097847602114, 28.350682836053192 -14.098543807049406, 28.348496885156486 -14.097925091005967, 28.347801769757215 -14.100359708791999)))"
"Malla de 250m-20160101.fid-784d4b83_19a7406b760_3481","2016","35015","GRID_250","250mN096675E194925","ES704","ES704A0","ES704A03","35015","11","32.5","32.5058","4","7","175","11","0","0","","9","","","","","","81.8182","","","","","","","","","6.25","176","0","","","","","","","11","0","0","100","0","0","MULTIPOLYGON (((28.348496885156486 -14.097925091005967, 28.350682836053192 -14.098543807049406, 28.35137790302361 -14.096109107984528, 28.349191931953126 -14.095490443130679, 28.348496885156486 -14.097925091005967)))"
"Malla de 250m-20160101.fid-784d4b83_19a7406b760_3486","2016","35015","GRID_250","250mN096700E194800","ES704","ES704A0","ES704A03","35015","599","37.2112","37.2149","330","269","81.5152","413","186","31.0518","119","429","51","","","","19.8664","71.6194","8.5142","39.627","11.8881","27.7389","42.8571","233.3333","","","6.25","9584","2976","","","","","","","301","95","203","50.2504","15.8598","33.8898","MULTIPOLYGON (((28.347206472165517 -14.110716850944929, 28.34939230432431 -14.11133587325784, 28.35008773448511 -14.108901273500969, 28.347901882143507 -14.108282302361618, 28.347206472165517 -14.110716850944929)))"
"Malla de 250m-20160101.fid-784d4b83_19a7406b760_3487","2016","35015","GRID_250","250mN096700E194825","ES704","ES704A0","ES704A03","35015","130","41.3692","41.3826","61","69","113.1148","120","10","7.6923","19","86","25","","","","14.6154","66.1538","19.2308","51.1628","29.0698","22.093","131.5789","76","","","6.25","2080","160","","","","","","","108","9","13","83.0769","6.9231","10","MULTIPOLYGON (((28.347901882143507 -14.108282302361618, 28.35008773448511 -14.108901273500969, 28.350783096045472 -14.106466643640731, 28.348597223522564 -14.105847723678826, 28.347901882143507 -14.108282302361618)))"
"Malla de 250m-20160101.fid-784d4b83_19a7406b760_3488","2016","35015","GRID_250","250mN096700E194875","ES704","ES704A0","ES704A03","35015","61","40.6803","40.6167","32","29","90.625","","","","11","39","11","","","","18.0328","63.9344","18.0328","56.4103","28.2051","28.2051","100","100","","","6.25","976","","","","","","","","58","","","95.082","","","MULTIPOLYGON (((28.349292496301388 -14.103413114898135, 28.351478389004125 -14.104031983678711, 28.352173613359803 -14.101597293616488, 28.349987700478678 -14.10097847602114, 28.349292496301388 -14.103413114898135)))"
"Malla de 250m-20160101.fid-784d4b83_19a7406b760_3489","2016","35015","GRID_250","250mN096700E194900","ES704","ES704A0","ES704A03","35015","17","41.2059","41.1409","11","6","54.5455","17","0","0","","12","","","","","","70.5882","","","","","","","","","6.25","272","0","","","","","","","15","","","88.2353","","","MULTIPOLYGON (((28.349987700478678 -14.10097847602114, 28.352173613359803 -14.101597293616488, 28.35286876911119 -14.099162573455635, 28.350682836053192 -14.098543807049406, 28.349987700478678 -14.10097847602114)))"
"Malla de 250m-20160101.fid-784d4b83_19a7406b760_348f","2016","35015","GRID_250","250mN096725E194800","ES704","ES704A0","ES704A03","35015","219","37.9566","37.9372","116","103","88.7931","214","5","2.2831","46","150","23","","","","21.0046","68.4932","10.5023","46","15.3333","30.6667","50","200","","","6.25","3504","80","","","","","","","195","17","7","89.0411","7.7626","3.1963","MULTIPOLYGON (((28.34939230432431 -14.11133587325784, 28.35157811863624 -14.111954945955235, 28.352273568981474 -14.109520295021385, 28.35008773448511 -14.108901273500969, 28.34939230432431 -14.11133587325784)))"
"Malla de 250m-20160101.fid-784d4b83_19a7406b760_3490","2016","35015","GRID_250","250mN096725E194825","ES704","ES704A0","ES704A03","35015","86","46.2558","46.2467","41","45","109.7561","86","0","0","11","55","20","","","","12.7907","63.9535","23.2558","56.3636","36.3636","20","181.8182","55","","","6.25","1376","0","","","","","","","79","4","3","91.8605","4.6512","3.4884","MULTIPOLYGON (((28.35008773448511 -14.108901273500969, 28.352273568981474 -14.109520295021385, 28.352968950724794 -14.107085613980297, 28.350783096045472 -14.106466643640731, 28.35008773448511 -14.108901273500969)))"
"Malla de 250m-20160101.fid-784d4b83_19a7406b760_3491","2016","35015","GRID_250","250mN096725E194850","ES704","ES704A0","ES704A03","35015","39","40.859","40.8245","24","15","62.5","","","","5","29","5","","","","12.8205","74.359","12.8205","34.4828","17.2414","17.2414","100","100","","","6.25","624","","","","","","","","37","","","94.8718","","","MULTIPOLYGON (((28.350783096045472 -14.106466643640731, 28.352968950724794 -14.107085613980297, 28.35366426386494 -14.10465090283351, 28.351478389004125 -14.104031983678711, 28.350783096045472 -14.106466643640731)))"
"Malla de 250m-20160101.fid-784d4b83_19a7406b760_3492","2016","35015","GRID_250","250mN096725E195050","ES704","ES704A0","ES704A03","35015","36","45.4167","45.3126","17","19","111.7647","","","","5","23","8","","","","13.8889","63.8889","22.2222","56.5217","34.7826","21.7391","160","62.5","","","6.25","576","","","","","","","","34","","","94.4444","","","MULTIPOLYGON (((28.3563435187589 -14.086988521227497, 28.358529534848653 -14.087607081980106, 28.359224299117006 -14.085172130044919, 28.357038262857586 -14.084553620508181, 28.3563435187589 -14.086988521227497)))"
"Malla de 250m-20160101.fid-784d4b83_19a7406b760_349d","2016","35015","GRID_250","250mN096750E194825","ES704","ES704A0","ES704A03","35015","96","35.5104","35.5006","48","48","100","96","0","0","13","79","4","","","","13.5417","82.2917","4.1667","21.519","5.0633","16.4557","30.7692","325","","","6.25","1536","0","","","","","","","91","","","94.7917","","","MULTIPOLYGON (((28.352273568981474 -14.109520295021385, 28.354459385632712 -14.110139366927468, 28.35515478756063 -14.107704634702097, 28.352968950724794 -14.107085613980297, 28.352273568981474 -14.109520295021385)))"
"Malla de 250m-20160101.fid-784d4b83_19a7406b760_349e","2016","35015","GRID_250","250mN096750E194850","ES704","ES704A0","ES704A03","35015","18","41.3333","41.3321","9","9","100","18","0","0","","14","","","","","","77.7778","","","","","","","","","6.25","288","0","","","","","","","18","0","0","100","0","0","MULTIPOLYGON (((28.352968950724794 -14.107085613980297, 28.35515478756063 -14.107704634702097, 28.355850120883904 -14.105269872367153, 28.35366426386494 -14.10465090283351, 28.352968950724794 -14.107085613980297)))"
"Malla de 250m-20160101.fid-784d4b83_19a7406b760_349f","2016","35015","GRID_250","250mN096750E194875","ES704","ES704A0","ES704A03","35015","27","39.463","39.432","11","16","145.4545","27","0","0","3","21","3","","","","11.1111","77.7778","11.1111","28.5714","14.2857","14.2857","100","100","","","6.25","432","0","","","","","","","27","0","0","100","0","0","MULTIPOLYGON (((28.35366426386494 -14.10465090283351, 28.355850120883904 -14.105269872367153, 28.356545385601216 -14.102835079924219, 28.35435950840061 -14.10221616158264, 28.35366426386494 -14.10465090283351)))"
"Malla de 250m-20160101.fid-784d4b83_19a7406b760_34a0","2016","35015","GRID_250","250mN096750E195025","ES704","ES704A0","ES704A03","35015","33","31.8636","31.8841","21","12","57.1429","","","","7","26","0","","","","21.2121","78.7879","0","26.9231","0","26.9231","0","","","","6.25","528","","","","","","","","30","","","90.9091","","","MULTIPOLYGON (((28.357834701966844 -14.090042003822292, 28.360020680053463 -14.09066066614521, 28.360715533108063 -14.088225693087626, 28.358529534848653 -14.087607081980106, 28.357834701966844 -14.090042003822292)))"
"Malla de 250m-20160101.fid-784d4b83_19a7406b760_34a1","2016","35015","GRID_250","250mN096750E195050","ES704","ES704A0","ES704A03","35015","72","43.0694","43.0611","31","41","132.2581","72","0","0","7","53","12","","","","9.7222","73.6111","16.6667","35.8491","22.6415","13.2075","171.4286","58.3333","","","6.25","1152","0","","","","","","","69","3","0","95.8333","4.1667","0","MULTIPOLYGON (((28.358529534848653 -14.087607081980106, 28.360715533108063 -14.088225693087626, 28.361410317547683 -14.085790689933145, 28.359224299117006 -14.085172130044919, 28.358529534848653 -14.087607081980106)))"
"Malla de 250m-20160101.fid-784d4b83_19a7406b760_34a2","2016","35015","GRID_250","250mN096750E195075","ES704","ES704A0","ES704A03","35015","35","27.8429","27.8119","19","16","84.2105","35","0","0","11","24","0","","","","31.4286","68.5714","0","45.8333","0","45.8333","0","","","","6.25","560","0","","","","","","","35","0","0","100","0","0","MULTIPOLYGON (((28.359224299117006 -14.085172130044919, 28.361410317547683 -14.085790689933145, 28.362105033371073 -14.083355656683358, 28.359918994770595 -14.08273714801831, 28.359224299117006 -14.085172130044919)))"
"Malla de 250m-20160101.fid-784d4b83_19a7406b760_34ad","2016","35015","GRID_250","250mN096775E195050","ES704","ES704A0","ES704A03","35015","21","41.4048","41.3318","14","7","50","21","0","0","","17","","","","","","80.9524","","","","","","","","","6.25","336","0","","","","","","","21","0","0","100","0","0","MULTIPOLYGON (((28.360715533108063 -14.088225693087626, 28.36290151353716 -14.088844354554658, 28.363596318149714 -14.08640930017747, 28.361410317547683 -14.085790689933145, 28.360715533108063 -14.088225693087626)))"
"Malla de 250m-20160101.fid-784d4b83_19a7406b760_35a4","2016","35015","GRID_250","250mN097050E194775","ES704","ES704A0","ES704A03","35015","68","44.6765","44.6969","38","30","78.9474","63","5","7.3529","5","53","10","","","","7.3529","77.9412","14.7059","28.3019","18.8679","9.434","200","50","","","6.25","1088","80","","","","","","","59","","","86.7647","","","MULTIPOLYGON (((28.37711073704778 -14.121822985158783, 28.37929629915025 -14.122442764491272, 28.379992080662333 -14.120007478105443, 28.377806498352598 -14.119387749990427, 28.37711073704778 -14.121822985158783)))"
"Malla de 250m-20160101.fid-784d4b83_19a7406b760_35e2","2016","35015","GRID_250","250mN097100E194875","ES704","ES704A0","ES704A03","35015","43","42.4302","42.4097","24","19","79.1667","43","0","0","3","34","6","","","","6.9767","79.0698","13.9535","26.4706","17.6471","8.8235","200","50","","","6.25","688","0","","","","","","","42","","","97.6744","","","MULTIPOLYGON (((28.38426463855611 -14.113321062875425, 28.386450245797064 -14.113940738196764, 28.38714579322964 -14.11150522870618, 28.384960165784083 -14.110885604624745, 28.38426463855611 -14.113321062875425)))"
"Malla de 250m-20160101.fid-784d4b83_19a7406b760_3729","2016","35015","GRID_250","250mN097375E194500","ES704","ES704A0","ES704A03","35015","71","43.9648","44.0088","41","30","73.1707","","","","5","59","7","","","","7.0423","83.0986","9.8592","20.339","11.8644","8.4746","140","71.4286","","","5.4283","1307.9601","","","","","","","","66","","","92.9577","","","MULTIPOLYGON (((28.39793031798331 -14.15643418325735, 28.39807235286745 -14.156592068605105, 28.398640343245113 -14.156486707864714, 28.398790147726693 -14.156481560916088, 28.399195614199353 -14.156541189569841, 28.399464374616038 -14.156630830277741, 28.399663874360918 -14.156776816218896, 28.39978510364586 -14.156913865577653, 28.39983742846215 -14.15703780439917, 28.399863538343112 -14.15718903447074, 28.4000564661438 -14.157261266208193, 28.400742763968786 -14.15486235199929, 28.398557636244828 -14.154241404020475, 28.39793031798331 -14.15643418325735)))"
